{
  "data":{
    "curPage":1,
    "datas":[
      {
        "apkLink":"",
        "audit":1,
        "author":"wangjianxiandev",
        "canEdit":false,
        "chapterId":294,
        "chapterName":"完整项目",
        "collect":false,
        "courseId":13,
        "desc":"简单天气APP，使用彩云天气api，使用Kotlin语言基于MVVM模式结合JetPack组件库：LiveData、ViewModel、Lifecycle、Navigation、Room组件，以及使用协程+Retrofit进行网络请求 开发的一款天气app",
        "descMd":"",
        "envelopePic":"https://www.wanandroid.com/blogimgs/1493b21f-34d7-4e0f-b33d-1ebe1b432691.png",
        "fresh":false,
        "id":15181,
        "link":"https://www.wanandroid.com/blog/show/2786",
        "niceDate":"2020-09-09 23:42",
        "niceShareDate":"2020-09-09 23:42",
        "origin":"",
        "prefix":"",
        "projectLink":"https://github.com/wangjianxiandev/Weather",
        "publishTime":1599666121000,
        "realSuperChapterId":293,
        "selfVisible":0,
        "shareDate":1599666121000,
        "shareUser":"",
        "superChapterId":294,
        "superChapterName":"开源项目主Tab",
        "tags":[
          {
            "name":"项目",
            "url":"/project/list/1?cid=294"
          }
        ],
        "title":"简单天气--Kotlin+JetPack+协程+MVVM架构",
        "type":0,
        "userId":-1,
        "visible":1,
        "zan":0
      },
      {
        "apkLink":"",
        "audit":1,
        "author":"LvKang-insist",
        "canEdit":false,
        "chapterId":294,
        "chapterName":"完整项目",
        "collect":false,
        "courseId":13,
        "desc":"基于鸿洋大佬的API，项目基于 Kotlin + MVP
        ",
        "descMd":"",
        "envelopePic":"https://wanandroid.com/resources/image/pc/default_project_img.jpg",
        "fresh":false,
        "id":15065,
        "link":"https://www.wanandroid.com/blog/show/2784",
        "niceDate":"2020-09-01 21:32",
        "niceShareDate":"2020-09-01 21:32",
        "origin":"",
        "prefix":"",
        "projectLink":"https://github.com/LvKang-insist/WanAndroid",
        "publishTime":1598967151000,
        "realSuperChapterId":293,
        "selfVisible":0,
        "shareDate":1598967151000,
        "shareUser":"",
        "superChapterId":294,
        "superChapterName":"开源项目主Tab",
        "tags":[
          {
            "name":"项目",
            "url":"/project/list/1?cid=294"
          }
        ],
        "title":"基于 Kotlin + MVP 的 Wandroid",
        "type":0,
        "userId":-1,
        "visible":1,
        "zan":0
      },
      {
        "apkLink":"",
        "audit":1,
        "author":"wwy863399246",
        "canEdit":false,
        "chapterId":294,
        "chapterName":"完整项目",
        "collect":false,
        "courseId":13,
        "desc":"学习Kotlin,JetPack,协程的Wanandroid客户端
        Kotlin语言编程，JetPack组件架构，Material Design风格
        repository层实现业务逻辑，viewmodel控制视图逻辑，并用koin框架依赖注入
        使用Retrofit，ROOM（用户信息，阅读历史）,协程构建数据层
        ",
        "descMd":"",
        "envelopePic":"https://wanandroid.com/blogimgs/0d83559f-2ce5-495c-ac71-3c3b254ae68d.png",
        "fresh":false,
        "id":15061,
        "link":"https://www.wanandroid.com/blog/show/2781",
        "niceDate":"2020-09-01 21:30",
        "niceShareDate":"2020-09-01 21:30",
        "origin":"",
        "prefix":"",
        "projectLink":"https://github.com/wwy863399246/WanAndroid",
        "publishTime":1598967052000,
        "realSuperChapterId":293,
        "selfVisible":0,
        "shareDate":1598967052000,
        "shareUser":"",
        "superChapterId":294,
        "superChapterName":"开源项目主Tab",
        "tags":[
          {
            "name":"项目",
            "url":"/project/list/1?cid=294"
          }
        ],
        "title":"Kotlin+JetPack+协程+retrofit2实现的MVVM架构Material Design风格版Wanandroid客户端",
        "type":0,
        "userId":-1,
        "visible":1,
        "zan":0
      },
      {
        "apkLink":"",
        "audit":1,
        "author":"VIPyinzhiwei",
        "canEdit":false,
        "chapterId":294,
        "chapterName":"完整项目",
        "collect":false,
        "courseId":13,
        "desc":"基于 Kotlin 语言仿写「开眼 Eyepetizer」的一个短视频 Android 客户端项目，采用 Jetpack + 协程实现的 MVVM 架构。

        值得一提的是，所有 UI 都是经过标注工具测量后的，无论是字体颜色、大小、间距等几乎都是像素级模仿的「开眼 Eyepetizer」Android 客户端 App，对应的 v6.3.1 版本（目前更新版）。",
        "descMd":"",
        "envelopePic":"https://www.wanandroid.com/blogimgs/c90df328-30b0-4fc9-906a-c661ed450cad.png",
        "fresh":false,
        "id":13976,
        "link":"https://www.wanandroid.com/blog/show/2774",
        "niceDate":"2020-06-22 00:43",
        "niceShareDate":"2020-06-22 00:43",
        "origin":"",
        "prefix":"",
        "projectLink":"https://github.com/VIPyinzhiwei/Eyepetizer",
        "publishTime":1592757812000,
        "realSuperChapterId":293,
        "selfVisible":0,
        "shareDate":1592757812000,
        "shareUser":"",
        "superChapterId":294,
        "superChapterName":"开源项目主Tab",
        "tags":[
          {
            "name":"项目",
            "url":"/project/list/1?cid=294"
          }
        ],
        "title":"一款高仿 Eyepetizer | 开眼短视频的 MVVM 开源项目",
        "type":0,
        "userId":-1,
        "visible":1,
        "zan":0
      },
      {
        "apkLink":"",
        "audit":1,
        "author":"winlee28",
        "canEdit":false,
        "chapterId":294,
        "chapterName":"完整项目",
        "collect":false,
        "courseId":13,
        "desc":"Kotlin+Jetpack+Coroutines+Retrofit+koin",
        "descMd":"",
        "envelopePic":"https://wanandroid.com/resources/image/pc/default_project_img.jpg",
        "fresh":false,
        "id":13740,
        "link":"https://www.wanandroid.com/blog/show/2767",
        "niceDate":"2020-06-02 21:59",
        "niceShareDate":"2020-06-02 21:58",
        "origin":"",
        "prefix":"",
        "projectLink":"https://github.com/winlee28/Jetpack-WanAndroid",
        "publishTime":1591106340000,
        "realSuperChapterId":293,
        "selfVisible":0,
        "shareDate":1591106307000,
        "shareUser":"",
        "superChapterId":294,
        "superChapterName":"开源项目主Tab",
        "tags":[
          {
            "name":"项目",
            "url":"/project/list/1?cid=294"
          }
        ],
        "title":"Jetpack架构开发组件化应用实战",
        "type":0,
        "userId":-1,
        "visible":0,
        "zan":0
      },
      {
        "apkLink":"",
        "audit":1,
        "author":"SamiuZhong",
        "canEdit":false,
        "chapterId":294,
        "chapterName":"完整项目",
        "collect":false,
        "courseId":13,
        "desc":"真Material Design版的玩Android",
        "descMd":"",
        "envelopePic":"https://www.wanandroid.com/blogimgs/cbbd174c-2c68-4e67-9342-ba029a985502.png",
        "fresh":false,
        "id":13675,
        "link":"https://www.wanandroid.com/blog/show/2764",
        "niceDate":"2020-05-29 00:37",
        "niceShareDate":"2020-05-29 00:37",
        "origin":"",
        "prefix":"",
        "projectLink":"https://github.com/SamiuZhong/WanAndroid_Gank",
        "publishTime":1590683875000,
        "realSuperChapterId":293,
        "selfVisible":0,
        "shareDate":1590683875000,
        "shareUser":"",
        "superChapterId":294,
        "superChapterName":"开源项目主Tab",
        "tags":[
          {
            "name":"项目",
            "url":"/project/list/1?cid=294"
          }
        ],
        "title":"真Material Design版的玩Android",
        "type":0,
        "userId":-1,
        "visible":1,
        "zan":0
      },
      {
        "apkLink":"",
        "audit":1,
        "author":"donkingliang",
        "canEdit":false,
        "chapterId":294,
        "chapterName":"完整项目",
        "collect":false,
        "courseId":13,
        "desc":"Android图片选择器，仿微信的图片选择器的样式和效果。支持图片的单选、限数量的多选和不限数量的多选，支持图片剪切。支持图片预览和图片文件夹的切换。支持在选择图片时调用相机拍照，也支持不用打开相册直接调用相机拍照。",
        "descMd":"",
        "envelopePic":"https://www.wanandroid.com/blogimgs/19ff621c-7c6c-45ae-919e-9b944136094b.png",
        "fresh":false,
        "id":13664,
        "link":"https://www.wanandroid.com/blog/show/2762",
        "niceDate":"2020-05-28 09:43",
        "niceShareDate":"2020-05-28 09:43",
        "origin":"",
        "prefix":"",
        "projectLink":"https://github.com/donkingliang/ImageSelector",
        "publishTime":1590630188000,
        "realSuperChapterId":293,
        "selfVisible":0,
        "shareDate":1590630188000,
        "shareUser":"",
        "superChapterId":294,
        "superChapterName":"开源项目主Tab",
        "tags":[
          {
            "name":"项目",
            "url":"/project/list/1?cid=294"
          }
        ],
        "title":"Android 仿微信的图片选择器",
        "type":0,
        "userId":-1,
        "visible":1,
        "zan":0
      },
      {
        "apkLink":"",
        "audit":1,
        "author":"RookieJay",
        "canEdit":false,
        "chapterId":294,
        "chapterName":"完整项目",
        "collect":false,
        "courseId":13,
        "desc":"Java版Wanandroid客户端，主体使用MVPArms，利用 MVP + RxJava + Retrofit + Glide + EventBus等框架开发 ",
        "descMd":"",
        "envelopePic":"https://www.wanandroid.com/blogimgs/9377bea9-b931-4915-a66f-dce90134a9e0.png",
        "fresh":false,
        "id":13572,
        "link":"https://www.wanandroid.com/blog/show/2759",
        "niceDate":"2020-05-21 23:01",
        "niceShareDate":"2020-05-21 23:01",
        "origin":"",
        "prefix":"",
        "projectLink":"https://github.com/RookieJay/JWanandroid",
        "publishTime":1590073284000,
        "realSuperChapterId":293,
        "selfVisible":0,
        "shareDate":1590073284000,
        "shareUser":"",
        "superChapterId":294,
        "superChapterName":"开源项目主Tab",
        "tags":[
          {
            "name":"项目",
            "url":"/project/list/1?cid=294"
          }
        ],
        "title":"Java版Wanandroid客户端",
        "type":0,
        "userId":-1,
        "visible":1,
        "zan":0
      },
      {
        "apkLink":"",
        "audit":1,
        "author":"ASCII13",
        "canEdit":false,
        "chapterId":294,
        "chapterName":"完整项目",
        "collect":false,
        "courseId":13,
        "desc":"微信小程序版本WanAndroid，使用原生技术开发。",
        "descMd":"",
        "envelopePic":"https://www.wanandroid.com/blogimgs/a58a3ceb-7674-4989-a068-3364f84d7730.png",
        "fresh":false,
        "id":13460,
        "link":"https://www.wanandroid.com/blog/show/2757",
        "niceDate":"2020-05-19 01:04",
        "niceShareDate":"2020-05-19 01:04",
        "origin":"",
        "prefix":"",
        "projectLink":"https://github.com/ASCII13/WanAndroid",
        "publishTime":1589821470000,
        "realSuperChapterId":293,
        "selfVisible":0,
        "shareDate":1589821470000,
        "shareUser":"",
        "superChapterId":294,
        "superChapterName":"开源项目主Tab",
        "tags":[
          {
            "name":"项目",
            "url":"/project/list/1?cid=294"
          }
        ],
        "title":"WanAndroid 小程序",
        "type":0,
        "userId":-1,
        "visible":1,
        "zan":0
      },
      {
        "apkLink":"",
        "audit":1,
        "author":"fmtjava",
        "canEdit":false,
        "chapterId":294,
        "chapterName":"完整项目",
        "collect":false,
        "courseId":13,
        "desc":"基于Kotlin + Jetpack全家桶 + Coroutines(协程) 等架构实现的一款精简版Github客户端项目,望与广大小伙伴一起成长,欢迎start or fork！",
        "descMd":"",
        "envelopePic":"https://www.wanandroid.com/blogimgs/133a0e8e-d76c-4626-a52f-7c5a0afc9ce2.png",
        "fresh":false,
        "id":13209,
        "link":"https://www.wanandroid.com/blog/show/2749",
        "niceDate":"2020-04-29 01:18",
        "niceShareDate":"2020-04-29 01:18",
        "origin":"",
        "prefix":"",
        "projectLink":"https://github.com/fmtjava/Jetpack_GitHub",
        "publishTime":1588094297000,
        "realSuperChapterId":293,
        "selfVisible":0,
        "shareDate":1588094297000,
        "shareUser":"",
        "superChapterId":294,
        "superChapterName":"开源项目主Tab",
        "tags":[
          {
            "name":"项目",
            "url":"/project/list/1?cid=294"
          }
        ],
        "title":"基于Kotlin + Jetpack全家桶 + Coroutines(协程) 等架构实现的一款精简版Github客户端项目。",
        "type":0,
        "userId":-1,
        "visible":1,
        "zan":0
      },
      {
        "apkLink":"",
        "audit":1,
        "author":"lengjiye-lz",
        "canEdit":false,
        "chapterId":294,
        "chapterName":"完整项目",
        "collect":false,
        "courseId":13,
        "desc":"基于www.wanandroid.com开发App，主要包括首页、广场、体系、项目、我的、搜索等6大模块，第一版主要是练手，界面比较粗糙
        项目采用模块化开发，也是为了整理框架
        分为base库、网络库、工具库、自动化生成代码工具等",
        "descMd":"",
        "envelopePic":"https://www.wanandroid.com/blogimgs/6c10670f-412e-4df0-94bb-54289ed6bc5b.png",
        "fresh":false,
        "id":12958,
        "link":"https://www.wanandroid.com/blog/show/2735",
        "niceDate":"2020-04-20 23:21",
        "niceShareDate":"2020-04-20 23:21",
        "origin":"",
        "prefix":"",
        "projectLink":"https://github.com/lengjiye-lz/WanAndroid-Kotlin",
        "publishTime":1587396099000,
        "realSuperChapterId":293,
        "selfVisible":0,
        "shareDate":1587396099000,
        "shareUser":"",
        "superChapterId":294,
        "superChapterName":"开源项目主Tab",
        "tags":[
          {
            "name":"项目",
            "url":"/project/list/1?cid=294"
          }
        ],
        "title":"WanAndroid kotlin版本",
        "type":0,
        "userId":-1,
        "visible":0,
        "zan":0
      },
      {
        "apkLink":"",
        "audit":1,
        "author":"wangjianxiandev",
        "canEdit":false,
        "chapterId":294,
        "chapterName":"完整项目",
        "collect":false,
        "courseId":13,
        "desc":"采用使用kotlin语言开发，基于Material Design+AndroidX + MVVM + ViewModel + LiveData + Coroutine + Retrofit等优秀的开源框架，努力打造体验良好的WanAndroid客户端",
        "descMd":"",
        "envelopePic":"https://www.wanandroid.com/blogimgs/6cbd7d0d-5692-4ec0-a4f3-fd96df62c527.png",
        "fresh":false,
        "id":12955,
        "link":"https://www.wanandroid.com/blog/show/2732",
        "niceDate":"2020-04-20 23:05",
        "niceShareDate":"2020-04-20 23:05",
        "origin":"",
        "prefix":"",
        "projectLink":"https://github.com/wangjianxiandev/WanAndroidMVVM",
        "publishTime":1587395101000,
        "realSuperChapterId":293,
        "selfVisible":0,
        "shareDate":1587395101000,
        "shareUser":"",
        "superChapterId":294,
        "superChapterName":"开源项目主Tab",
        "tags":[
          {
            "name":"项目",
            "url":"/project/list/1?cid=294"
          }
        ],
        "title":"Jetpack组件结合MVVM架构的Kotlin版本的WanAndroid客户端",
        "type":0,
        "userId":-1,
        "visible":1,
        "zan":0
      },
      {
        "apkLink":"",
        "audit":1,
        "author":"xiaoyanger0825",
        "canEdit":false,
        "chapterId":294,
        "chapterName":"完整项目",
        "collect":false,
        "courseId":13,
        "desc":"采用Kotlin语言，使用ViewModel+LiveData+Room+协程搭建MVVM架构，UI采用黑白配色的MD风格，并适配了白天黑夜模式。",
        "descMd":"",
        "envelopePic":"https://www.wanandroid.com/blogimgs/9084d5ee-ab8c-453c-ad71-6581e9e1d898.png",
        "fresh":false,
        "id":12953,
        "link":"https://www.wanandroid.com/blog/show/2731",
        "niceDate":"2020-04-20 12:58",
        "niceShareDate":"2020-04-20 12:58",
        "origin":"",
        "prefix":"",
        "projectLink":"https://github.com/xiaoyanger0825/wanandroid",
        "publishTime":1587358718000,
        "realSuperChapterId":293,
        "selfVisible":0,
        "shareDate":1587358718000,
        "shareUser":"",
        "superChapterId":294,
        "superChapterName":"开源项目主Tab",
        "tags":[
          {
            "name":"项目",
            "url":"/project/list/1?cid=294"
          }
        ],
        "title":"Kotlin+JetPack+协程实现的MVVM架构Wanandroid客户端",
        "type":0,
        "userId":-1,
        "visible":1,
        "zan":0
      },
      {
        "apkLink":"",
        "audit":1,
        "author":"devallever",
        "canEdit":false,
        "chapterId":294,
        "chapterName":"完整项目",
        "collect":false,
        "courseId":13,
        "desc":"介绍
        【文本翻译器】是一款免费的简洁实用的翻译软件。文本翻译器应用程序完全免费，可以非常快速翻译您的单词，帮助您与外国人交流。文本翻译器适用于旅行者、学生、商人和其他语言爱好者，使用文本翻译器可以轻松了解其他语言。文本翻译器支持多国语言，全新领先的翻译引擎，让各种变得更加可靠有保证。界面设计简洁、优雅，体积小巧，但是功能很强大哦。赶快下载来试试吧~",
        "descMd":"",
        "envelopePic":"https://www.wanandroid.com/blogimgs/9fc6e10c-b3e8-46bb-928b-05ccd2147335.png",
        "fresh":false,
        "id":12244,
        "link":"https://www.wanandroid.com/blog/show/2719",
        "niceDate":"2020-03-08 19:01",
        "niceShareDate":"2020-03-08 19:01",
        "origin":"",
        "prefix":"",
        "projectLink":"https://github.com/devallever/TranslationTextOpenSource",
        "publishTime":1583665265000,
        "realSuperChapterId":293,
        "selfVisible":0,
        "shareDate":1583665265000,
        "shareUser":"",
        "superChapterId":294,
        "superChapterName":"开源项目主Tab",
        "tags":[
          {
            "name":"项目",
            "url":"/project/list/1?cid=294"
          }
        ],
        "title":"TranslationTextOpenSource-文本翻译器开源版",
        "type":0,
        "userId":-1,
        "visible":1,
        "zan":0
      },
      {
        "apkLink":"",
        "audit":1,
        "author":"darryrzhong",
        "canEdit":false,
        "chapterId":294,
        "chapterName":"完整项目",
        "collect":false,
        "courseId":13,
        "desc":"该开源项目采用组件化的方式开发，使用MVVM + AndroidX + jetpack 组件为基本架构进行开发。",
        "descMd":"",
        "envelopePic":"https://www.wanandroid.com/blogimgs/01bbbf6a-da45-4bf9-8924-471dc337b8d0.png",
        "fresh":false,
        "id":12243,
        "link":"https://www.wanandroid.com/blog/show/2718",
        "niceDate":"2020-03-08 19:00",
        "niceShareDate":"2020-03-08 19:00",
        "origin":"",
        "prefix":"",
        "projectLink":"https://github.com/darryrzhong/Android-MvvmComponent-App",
        "publishTime":1583665230000,
        "realSuperChapterId":293,
        "selfVisible":0,
        "shareDate":1583665230000,
        "shareUser":"",
        "superChapterId":294,
        "superChapterName":"开源项目主Tab",
        "tags":[
          {
            "name":"项目",
            "url":"/project/list/1?cid=294"
          }
        ],
        "title":"Android 组件化开源app -开眼短视频(OpenEyes)",
        "type":0,
        "userId":-1,
        "visible":1,
        "zan":0
      }
    ],
    "offset":0,
    "over":false,
    "pageCount":13,
    "size":15,
    "total":181
  },
  "errorCode":0,
  "errorMsg":""
}