{
  "data":{
    "curPage":1,
    "datas":[
      {
        "apkLink":"",
        "audit":1,
        "author":"谷歌开发者",
        "canEdit":false,
        "chapterId":415,
        "chapterName":"谷歌开发者",
        "collect":false,
        "courseId":13,
        "desc":"",
        "descMd":"",
        "envelopePic":"",
        "fresh":true,
        "id":15744,
        "link":"https://mp.weixin.qq.com/s/0ZPzUeUiBlFhl3uIkgSQ7Q",
        "niceDate":"23小时前",
        "niceShareDate":"2小时前",
        "origin":"",
        "prefix":"",
        "projectLink":"",
        "publishTime":1602691200000,
        "realSuperChapterId":407,
        "selfVisible":0,
        "shareDate":1602766604000,
        "shareUser":"",
        "superChapterId":408,
        "superChapterName":"公众号",
        "tags":[
          {
            "name":"公众号",
            "url":"/wxarticle/list/415/1"
          }
        ],
        "title":"协程中的取消和异常 | 驻留任务详解",
        "type":0,
        "userId":-1,
        "visible":1,
        "zan":0
      },
      {
        "apkLink":"",
        "audit":1,
        "author":"谷歌开发者",
        "canEdit":false,
        "chapterId":415,
        "chapterName":"谷歌开发者",
        "collect":false,
        "courseId":13,
        "desc":"",
        "descMd":"",
        "envelopePic":"",
        "fresh":true,
        "id":15745,
        "link":"https://mp.weixin.qq.com/s/ndgbta94As02vMktNePBAg",
        "niceDate":"23小时前",
        "niceShareDate":"2小时前",
        "origin":"",
        "prefix":"",
        "projectLink":"",
        "publishTime":1602691200000,
        "realSuperChapterId":407,
        "selfVisible":0,
        "shareDate":1602766617000,
        "shareUser":"",
        "superChapterId":408,
        "superChapterName":"公众号",
        "tags":[
          {
            "name":"公众号",
            "url":"/wxarticle/list/415/1"
          }
        ],
        "title":"一文彻底搞懂 Kotlin 中的委托 | 开发者说·DTalk",
        "type":0,
        "userId":-1,
        "visible":1,
        "zan":0
      },
      {
        "apkLink":"",
        "audit":1,
        "author":"code小生",
        "canEdit":false,
        "chapterId":414,
        "chapterName":"code小生",
        "collect":false,
        "courseId":13,
        "desc":"",
        "descMd":"",
        "envelopePic":"",
        "fresh":true,
        "id":15746,
        "link":"https://mp.weixin.qq.com/s/GPv7poKXZjtGmZodvI_uSA",
        "niceDate":"23小时前",
        "niceShareDate":"2小时前",
        "origin":"",
        "prefix":"",
        "projectLink":"",
        "publishTime":1602691200000,
        "realSuperChapterId":407,
        "selfVisible":0,
        "shareDate":1602766633000,
        "shareUser":"",
        "superChapterId":408,
        "superChapterName":"公众号",
        "tags":[
          {
            "name":"公众号",
            "url":"/wxarticle/list/414/1"
          }
        ],
        "title":"Spring Boot 更流行的 16 条实践解读！",
        "type":0,
        "userId":-1,
        "visible":1,
        "zan":0
      },
      {
        "apkLink":"",
        "audit":1,
        "author":"鸿洋",
        "canEdit":false,
        "chapterId":408,
        "chapterName":"鸿洋",
        "collect":false,
        "courseId":13,
        "desc":"",
        "descMd":"",
        "envelopePic":"",
        "fresh":true,
        "id":15748,
        "link":"https://mp.weixin.qq.com/s/5zqv9pjLmq069gHD04PGXQ",
        "niceDate":"23小时前",
        "niceShareDate":"2小时前",
        "origin":"",
        "prefix":"",
        "projectLink":"",
        "publishTime":1602691200000,
        "realSuperChapterId":407,
        "selfVisible":0,
        "shareDate":1602766668000,
        "shareUser":"",
        "superChapterId":408,
        "superChapterName":"公众号",
        "tags":[
          {
            "name":"公众号",
            "url":"/wxarticle/list/408/1"
          }
        ],
        "title":"打破认知！Scroller跟滑动没有关系？",
        "type":0,
        "userId":-1,
        "visible":1,
        "zan":0
      },
      {
        "apkLink":"",
        "audit":1,
        "author":"郭霖",
        "canEdit":false,
        "chapterId":409,
        "chapterName":"郭霖",
        "collect":false,
        "courseId":13,
        "desc":"",
        "descMd":"",
        "envelopePic":"",
        "fresh":true,
        "id":15749,
        "link":"https://mp.weixin.qq.com/s/Ad0v44Bxs1LFy93RT_brYQ",
        "niceDate":"23小时前",
        "niceShareDate":"2小时前",
        "origin":"",
        "prefix":"",
        "projectLink":"",
        "publishTime":1602691200000,
        "realSuperChapterId":407,
        "selfVisible":0,
        "shareDate":1602766683000,
        "shareUser":"",
        "superChapterId":408,
        "superChapterName":"公众号",
        "tags":[
          {
            "name":"公众号",
            "url":"/wxarticle/list/409/1"
          }
        ],
        "title":"逼格满满的版本升级效果，一个字，帅！",
        "type":0,
        "userId":-1,
        "visible":1,
        "zan":0
      },
      {
        "apkLink":"",
        "audit":1,
        "author":"",
        "canEdit":false,
        "chapterId":502,
        "chapterName":"自助",
        "collect":false,
        "courseId":13,
        "desc":"",
        "descMd":"",
        "envelopePic":"",
        "fresh":true,
        "id":15734,
        "link":"https://blog.csdn.net/u011200604/article/details/104701266",
        "niceDate":"1天前",
        "niceShareDate":"1天前",
        "origin":"",
        "prefix":"",
        "projectLink":"",
        "publishTime":1602667860000,
        "realSuperChapterId":493,
        "selfVisible":0,
        "shareDate":1602667860000,
        "shareUser":"1123888210@qq.com",
        "superChapterId":494,
        "superChapterName":"广场Tab",
        "tags":[

        ],
        "title":"总结系列-Android画中画模式-看这篇就够啦",
        "type":0,
        "userId":275,
        "visible":1,
        "zan":0
      },
      {
        "apkLink":"",
        "audit":1,
        "author":"",
        "canEdit":false,
        "chapterId":502,
        "chapterName":"自助",
        "collect":false,
        "courseId":13,
        "desc":"",
        "descMd":"",
        "envelopePic":"",
        "fresh":false,
        "id":15732,
        "link":"https://juejin.im/post/6883374799897231373",
        "niceDate":"1天前",
        "niceShareDate":"1天前",
        "origin":"",
        "prefix":"",
        "projectLink":"",
        "publishTime":1602661000000,
        "realSuperChapterId":493,
        "selfVisible":0,
        "shareDate":1602661000000,
        "shareUser":"renxhui",
        "superChapterId":494,
        "superChapterName":"广场Tab",
        "tags":[

        ],
        "title":"Android OpenGl Es 学习（五）：调整宽高比",
        "type":0,
        "userId":27931,
        "visible":1,
        "zan":0
      },
      {
        "apkLink":"",
        "audit":1,
        "author":"",
        "canEdit":false,
        "chapterId":502,
        "chapterName":"自助",
        "collect":false,
        "courseId":13,
        "desc":"",
        "descMd":"",
        "envelopePic":"",
        "fresh":false,
        "id":15731,
        "link":"https://juejin.im/post/6882949076267057166",
        "niceDate":"1天前",
        "niceShareDate":"1天前",
        "origin":"",
        "prefix":"",
        "projectLink":"",
        "publishTime":1602657635000,
        "realSuperChapterId":493,
        "selfVisible":0,
        "shareDate":1602657635000,
        "shareUser":"KunMinX",
        "superChapterId":494,
        "superChapterName":"广场Tab",
        "tags":[

        ],
        "title":"[Jetpack] 人生苦短，让脚手架为你节省时间",
        "type":0,
        "userId":12482,
        "visible":1,
        "zan":0
      },
      {
        "apkLink":"",
        "audit":1,
        "author":"",
        "canEdit":false,
        "chapterId":502,
        "chapterName":"自助",
        "collect":false,
        "courseId":13,
        "desc":"",
        "descMd":"",
        "envelopePic":"",
        "fresh":false,
        "id":15729,
        "link":"https://juejin.im/post/6883323198918787080/",
        "niceDate":"1天前",
        "niceShareDate":"1天前",
        "origin":"",
        "prefix":"",
        "projectLink":"",
        "publishTime":1602648709000,
        "realSuperChapterId":493,
        "selfVisible":0,
        "shareDate":1602648709000,
        "shareUser":"xll",
        "superChapterId":494,
        "superChapterName":"广场Tab",
        "tags":[

        ],
        "title":"android 绘制流程之修改子View的绘制顺序",
        "type":0,
        "userId":22903,
        "visible":1,
        "zan":0
      },
      {
        "apkLink":"",
        "audit":1,
        "author":"",
        "canEdit":false,
        "chapterId":502,
        "chapterName":"自助",
        "collect":false,
        "courseId":13,
        "desc":"",
        "descMd":"",
        "envelopePic":"",
        "fresh":false,
        "id":15727,
        "link":"https://blog.csdn.net/weixin_43766753/article/details/109060496",
        "niceDate":"1天前",
        "niceShareDate":"1天前",
        "origin":"",
        "prefix":"",
        "projectLink":"",
        "publishTime":1602644071000,
        "realSuperChapterId":493,
        "selfVisible":0,
        "shareDate":1602644071000,
        "shareUser":"qwerhuan",
        "superChapterId":494,
        "superChapterName":"广场Tab",
        "tags":[

        ],
        "title":"Android之window机制token验证",
        "type":0,
        "userId":66812,
        "visible":1,
        "zan":0
      },
      {
        "apkLink":"",
        "audit":1,
        "author":"",
        "canEdit":false,
        "chapterId":534,
        "chapterName":"ARouter",
        "collect":false,
        "courseId":13,
        "desc":"",
        "descMd":"",
        "envelopePic":"",
        "fresh":false,
        "id":15720,
        "link":"https://www.jianshu.com/p/b88b3b5e8d21",
        "niceDate":"1天前",
        "niceShareDate":"1天前",
        "origin":"",
        "prefix":"",
        "projectLink":"",
        "publishTime":1602605738000,
        "realSuperChapterId":460,
        "selfVisible":0,
        "shareDate":1602605047000,
        "shareUser":"鸿洋",
        "superChapterId":461,
        "superChapterName":"常见开源库源码解析",
        "tags":[

        ],
        "title":"ARouter自己实现一个？",
        "type":0,
        "userId":2,
        "visible":1,
        "zan":0
      },
      {
        "apkLink":"",
        "audit":1,
        "author":"",
        "canEdit":false,
        "chapterId":461,
        "chapterName":"fresco",
        "collect":false,
        "courseId":13,
        "desc":"",
        "descMd":"",
        "envelopePic":"",
        "fresh":false,
        "id":15716,
        "link":"https://juejin.im/entry/6844903789913178125",
        "niceDate":"1天前",
        "niceShareDate":"2天前",
        "origin":"",
        "prefix":"",
        "projectLink":"",
        "publishTime":1602605705000,
        "realSuperChapterId":460,
        "selfVisible":0,
        "shareDate":1602592768000,
        "shareUser":"wangzhengyi",
        "superChapterId":461,
        "superChapterName":"常见开源库源码解析",
        "tags":[

        ],
        "title":"Fresco缓存设计分析",
        "type":0,
        "userId":38889,
        "visible":1,
        "zan":0
      },
      {
        "apkLink":"",
        "audit":1,
        "author":"",
        "canEdit":false,
        "chapterId":492,
        "chapterName":"开发规范",
        "collect":false,
        "courseId":13,
        "desc":"",
        "descMd":"",
        "envelopePic":"",
        "fresh":false,
        "id":15719,
        "link":"https://juejin.im/post/6882200690606178311",
        "niceDate":"1天前",
        "niceShareDate":"1天前",
        "origin":"",
        "prefix":"",
        "projectLink":"",
        "publishTime":1602605669000,
        "realSuperChapterId":156,
        "selfVisible":0,
        "shareDate":1602604984000,
        "shareUser":"鸿洋",
        "superChapterId":135,
        "superChapterName":"项目必备",
        "tags":[

        ],
        "title":"这可能是更好的AndroidLint开源库",
        "type":0,
        "userId":2,
        "visible":1,
        "zan":0
      },
      {
        "apkLink":"",
        "audit":1,
        "author":"",
        "canEdit":false,
        "chapterId":232,
        "chapterName":"入门及知识点",
        "collect":false,
        "courseId":13,
        "desc":"",
        "descMd":"",
        "envelopePic":"",
        "fresh":false,
        "id":15721,
        "link":"https://www.jianshu.com/p/0c2948f7e656",
        "niceDate":"1天前",
        "niceShareDate":"1天前",
        "origin":"",
        "prefix":"",
        "projectLink":"",
        "publishTime":1602605625000,
        "realSuperChapterId":231,
        "selfVisible":0,
        "shareDate":1602605212000,
        "shareUser":"鸿洋",
        "superChapterId":232,
        "superChapterName":"Kotlin",
        "tags":[

        ],
        "title":"Java和Kotlin中泛型的协变、逆变和不变",
        "type":0,
        "userId":2,
        "visible":1,
        "zan":0
      },
      {
        "apkLink":"",
        "audit":1,
        "author":"",
        "canEdit":false,
        "chapterId":100,
        "chapterName":"RecyclerView",
        "collect":false,
        "courseId":13,
        "desc":"",
        "descMd":"",
        "envelopePic":"",
        "fresh":false,
        "id":15722,
        "link":"https://juejin.im/post/6882531923537707015",
        "niceDate":"1天前",
        "niceShareDate":"1天前",
        "origin":"",
        "prefix":"",
        "projectLink":"",
        "publishTime":1602605612000,
        "realSuperChapterId":39,
        "selfVisible":0,
        "shareDate":1602605309000,
        "shareUser":"鸿洋",
        "superChapterId":183,
        "superChapterName":"5.+高新技术",
        "tags":[

        ],
        "title":"更高效地刷新 RecyclerView | DiffUtil二次封装",
        "type":0,
        "userId":2,
        "visible":1,
        "zan":0
      },
      {
        "apkLink":"",
        "audit":1,
        "author":"谷歌开发者",
        "canEdit":false,
        "chapterId":415,
        "chapterName":"谷歌开发者",
        "collect":false,
        "courseId":13,
        "desc":"",
        "descMd":"",
        "envelopePic":"",
        "fresh":false,
        "id":15742,
        "link":"https://mp.weixin.qq.com/s/KHZvhtQNTgrjhyYP17orsA",
        "niceDate":"1天前",
        "niceShareDate":"2小时前",
        "origin":"",
        "prefix":"",
        "projectLink":"",
        "publishTime":1602604800000,
        "realSuperChapterId":407,
        "selfVisible":0,
        "shareDate":1602766572000,
        "shareUser":"",
        "superChapterId":408,
        "superChapterName":"公众号",
        "tags":[
          {
            "name":"公众号",
            "url":"/wxarticle/list/415/1"
          }
        ],
        "title":"开始使用 Flutter 构建 Windows 桌面应用吧！",
        "type":0,
        "userId":-1,
        "visible":1,
        "zan":0
      },
      {
        "apkLink":"",
        "audit":1,
        "author":"谷歌开发者",
        "canEdit":false,
        "chapterId":415,
        "chapterName":"谷歌开发者",
        "collect":false,
        "courseId":13,
        "desc":"",
        "descMd":"",
        "envelopePic":"",
        "fresh":false,
        "id":15743,
        "link":"https://mp.weixin.qq.com/s/mO2lT_s1s5a94KeirPpeVg",
        "niceDate":"1天前",
        "niceShareDate":"2小时前",
        "origin":"",
        "prefix":"",
        "projectLink":"",
        "publishTime":1602604800000,
        "realSuperChapterId":407,
        "selfVisible":0,
        "shareDate":1602766587000,
        "shareUser":"",
        "superChapterId":408,
        "superChapterName":"公众号",
        "tags":[
          {
            "name":"公众号",
            "url":"/wxarticle/list/415/1"
          }
        ],
        "title":"Flutter 组件的事件传递与数据控制 | 开发者说·DTalk",
        "type":0,
        "userId":-1,
        "visible":1,
        "zan":0
      },
      {
        "apkLink":"",
        "audit":1,
        "author":"鸿洋",
        "canEdit":false,
        "chapterId":408,
        "chapterName":"鸿洋",
        "collect":false,
        "courseId":13,
        "desc":"",
        "descMd":"",
        "envelopePic":"",
        "fresh":false,
        "id":15747,
        "link":"https://mp.weixin.qq.com/s/i818NL05bo6oQlH_eBMvJg",
        "niceDate":"1天前",
        "niceShareDate":"2小时前",
        "origin":"",
        "prefix":"",
        "projectLink":"",
        "publishTime":1602604800000,
        "realSuperChapterId":407,
        "selfVisible":0,
        "shareDate":1602766651000,
        "shareUser":"",
        "superChapterId":408,
        "superChapterName":"公众号",
        "tags":[
          {
            "name":"公众号",
            "url":"/wxarticle/list/408/1"
          }
        ],
        "title":"三年啦，跳槽成功的Android开发面经总结！",
        "type":0,
        "userId":-1,
        "visible":1,
        "zan":0
      },
      {
        "apkLink":"",
        "audit":1,
        "author":"",
        "canEdit":false,
        "chapterId":502,
        "chapterName":"自助",
        "collect":false,
        "courseId":13,
        "desc":"",
        "descMd":"",
        "envelopePic":"",
        "fresh":false,
        "id":15713,
        "link":"https://juejin.im/post/6882928981268496398",
        "niceDate":"2天前",
        "niceShareDate":"2天前",
        "origin":"",
        "prefix":"",
        "projectLink":"",
        "publishTime":1602567906000,
        "realSuperChapterId":493,
        "selfVisible":0,
        "shareDate":1602567906000,
        "shareUser":"彭旭锐",
        "superChapterId":494,
        "superChapterName":"广场Tab",
        "tags":[

        ],
        "title":"算法面试题 | 回溯算法解题框架",
        "type":0,
        "userId":30587,
        "visible":1,
        "zan":0
      }
    ],
    "offset":0,
    "over":false,
    "pageCount":468,
    "size":20,
    "total":9343
  },
  "errorCode":0,
  "errorMsg":""
}