{
  "data":[
    {
      "desc":"享学~",
      "id":29,
      "imagePath":"https://wanandroid.com/blogimgs/bfcf57e5-aa5d-4ca3-9ca9-245dcbfd31e9.png",
      "isVisible":1,
      "order":0,
      "title":"【Android开发教程】高级UI：自定义ViewGroup与UI性能优化",
      "type":0,
      "url":"https://www.bilibili.com/video/BV1Ka4y1j7HA"
    },
    {
      "desc":"",
      "id":6,
      "imagePath":"https://www.wanandroid.com/blogimgs/62c1bd68-b5f3-4a3c-a649-7ca8c7dfabe6.png",
      "isVisible":1,
      "order":1,
      "title":"我们新增了一个常用导航Tab~",
      "type":1,
      "url":"https://www.wanandroid.com/navi"
    },
    {
      "desc":"一起来做个App吧",
      "id":10,
      "imagePath":"https://www.wanandroid.com/blogimgs/50c115c2-cf6c-4802-aa7b-a4334de444cd.png",
      "isVisible":1,
      "order":1,
      "title":"一起来做个App吧",
      "type":1,
      "url":"https://www.wanandroid.com/blog/show/2"
    },
    {
      "desc":"",
      "id":20,
      "imagePath":"https://www.wanandroid.com/blogimgs/90c6cc12-742e-4c9f-b318-b912f163b8d0.png",
      "isVisible":1,
      "order":2,
      "title":"flutter 中文社区 ",
      "type":1,
      "url":"https://flutter.cn/"
    }
  ],
  "errorCode":0,
  "errorMsg":""
}